Workbook
Name Slicer_HOSPITAL_BRANCH: #N/A
Name Slicer_payment_status: #N/A
Name Slicer_SPECIALIZATION: #N/A
Name Slicer_status: #N/A
Name Slicer_treatment_type: #N/A

Sheet billing
A1: bill_id | B1: patient_id | C1: treatment_id | D1: bill_date | E1: amount | F1: payment_method | G1: payment_status
A2: B001 | B2: P034 | C2: T001 | D2: 45147 | E2: 3941.97 | F2: Insurance | G2: Pending
A3: B002 | B3: P032 | C3: T002 | D3: 45086 | E3: 4158.44 | F3: Insurance | G3: Paid
A4: B003 | B4: P048 | C4: T003 | D4: 45105 | E4: 3731.55 | F4: Insurance | G4: Paid
A5: B004 | B5: P025 | C5: T004 | D5: 45170 | E5: 4799.86 | F5: Insurance | G5: Failed
A6: B005 | B6: P040 | C6: T005 | D6: 45113 | E6: 582.05 | F6: Credit Card | G6: Pending
A7: B006 | B7: P045 | C7: T006 | D7: 45096 | E7: 1381 | F7: Insurance | G7: Pending
A8: B007 | B8: P001 | C8: T007 | D8: 45025 | E8: 534.03 | F8: Cash | G8: Failed
A9: B008 | B9: P016 | C9: T008 | D9: 45070 | E9: 3413.64 | F9: Cash | G9: Failed
A10: B009 | B10: P039 | C10: T009 | D10: 44990 | E10: 4541.14 | F10: Credit Card | G10: Paid
A11: B010 | B11: P005 | C11: T010 | D11: 44939 | E11: 1595.67 | F11: Cash | G11: Paid
A12: B011 | B12: P022 | C12: T011 | D12: 45242 | E12: 4671.66 | F12: Cash | G12: Failed
A13: B012 | B13: P029 | C13: T012 | D13: 45053 | E13: 771.2 | F13: Insurance | G13: Pending
... A201: B200 | B201: P007 | C201: T200 | D201: 45290 | E201: 3288.15 | F201: Insurance | G201: Paid

Sheet treatments
A1: treatment_id | B1: appointment_id | C1: treatment_type | D1: description | E1: cost | F1: treatment_date
A2: T001 | B2: A001 | C2: Chemotherapy | D2: Basic screening | E2: 3941.97 | F2: 45147
A3: T002 | B3: A002 | C3: MRI | D3: Advanced protocol | E3: 4158.44 | F3: 45086
A4: T003 | B4: A003 | C4: MRI | D4: Standard procedure | E4: 3731.55 | F4: 45105
A5: T004 | B5: A004 | C5: MRI | D5: Basic screening | E5: 4799.86 | F5: 45170
A6: T005 | B6: A005 | C6: ECG | D6: Standard procedure | E6: 582.05 | F6: 45113
A7: T006 | B7: A006 | C7: Chemotherapy | D7: Standard procedure | E7: 1381 | F7: 45096
A8: T007 | B8: A007 | C8: Chemotherapy | D8: Advanced protocol | E8: 534.03 | F8: 45025
A9: T008 | B9: A008 | C9: Physiotherapy | D9: Basic screening | E9: 3413.64 | F9: 45070
A10: T009 | B10: A009 | C10: Physiotherapy | D10: Standard procedure | E10: 4541.14 | F10: 44990
A11: T010 | B11: A010 | C11: Physiotherapy | D11: Standard procedure | E11: 1595.67 | F11: 44939
A12: T011 | B12: A011 | C12: MRI | D12: Basic screening | E12: 4671.66 | F12: 45242
A13: T012 | B13: A012 | C13: Chemotherapy | D13: Standard procedure | E13: 771.2 | F13: 45053
... A201: T200 | B201: A200 | C201: X-Ray | D201: Basic screening | E201: 3288.15 | F201: 45290

Sheet doctors
A1: doctor_id | B1: first_name | C1: last_name | D1: specialization | E1: phone_number | F1: years_experience | G1: hospital_branch | H1: email
A2: D001 | B2: David | C2: Taylor | D2: Dermatology | E2: 8322010158 | F2: 17 | G2: Westside Clinic | H2: dr.david.taylor@hospital.com
A3: D002 | B3: Jane | C3: Davis | D3: Pediatrics | E3: 9004382050 | F3: 24 | G3: Eastside Clinic | H3: dr.jane.davis@hospital.com
A4: D003 | B4: Jane | C4: Smith | D4: Pediatrics | E4: 8737740598 | F4: 19 | G4: Eastside Clinic | H4: dr.jane.smith@hospital.com
A5: D004 | B5: David | C5: Jones | D5: Pediatrics | E5: 6594221991 | F5: 28 | G5: Central Hospital | H5: dr.david.jones@hospital.com
A6: D005 | B6: Sarah | C6: Taylor | D6: Dermatology | E6: 9118538547 | F6: 26 | G6: Central Hospital | H6: dr.sarah.taylor@hospital.com
A7: D006 | B7: Alex | C7: Davis | D7: Pediatrics | E7: 6570137231 | F7: 23 | G7: Central Hospital | H7: dr.alex.davis@hospital.com
A8: D007 | B8: Robert | C8: Davis | D8: Oncology | E8: 8217493115 | F8: 26 | G8: Westside Clinic | H8: dr.robert.davis@hospital.com
A9: D008 | B9: Linda | C9: Brown | D9: Dermatology | E9: 9069162601 | F9: 5 | G9: Westside Clinic | H9: dr.linda.brown@hospital.com
A10: D009 | B10: Sarah | C10: Smith | D10: Pediatrics | E10: 7387087517 | F10: 26 | G10: Central Hospital | H10: dr.sarah.smith@hospital.com
A11: D010 | B11: Linda | C11: Wilson | D11: Oncology | E11: 6176383634 | F11: 21 | G11: Eastside Clinic | H11: dr.linda.wilson@hospital.com

Sheet patients
A1: patient_id | B1: first_name | C1: last_name | D1: gender | E1: date_of_birth | F1: contact_number | G1: address | H1: registration_date | I1: insurance_provider | J1: insurance_number | K1: email
A2: P001 | B2: David | C2: Williams | D2: F | E2: 20244 | F2: 6939585183 | G2: 789 Pine Rd | H2: 44735 | I2: WellnessCorp | J2: INS840674 | K2: david.williams@mail.com
A3: P002 | B3: Emily | C3: Smith | D3: F | E3: 30967 | F3: 8228188767 | G3: 321 Maple Dr | H3: 44576 | I3: PulseSecure | J3: INS354079 | K3: emily.smith@mail.com
A4: P003 | B4: Laura | C4: Jones | D4: M | E4: 28358 | F4: 8397029847 | G4: 321 Maple Dr | H4: 44599 | I4: PulseSecure | J4: INS650929 | K4: laura.jones@mail.com
A5: P004 | B5: Michael | C5: Johnson | D5: F | E5: 29637 | F5: 9019443432 | G5: 123 Elm St | H5: 44257 | I5: HealthIndia | J5: INS789944 | K5: michael.johnson@mail.com
A6: P005 | B6: David | C6: Wilson | D6: M | E6: 22090 | F6: 7734463155 | G6: 123 Elm St | H6: 44468 | I6: MedCare Plus | J6: INS788105 | K6: david.wilson@mail.com
A7: P006 | B7: Linda | C7: Jones | D7: M | E7: 23178 | F7: 7561777264 | G7: 321 Maple Dr | H7: 44836 | I7: HealthIndia | J7: INS613758 | K7: linda.jones@mail.com
A8: P007 | B8: Alex | C8: Johnson | D8: F | E8: 32667 | F8: 6278710077 | G8: 789 Pine Rd | H8: 44555 | I8: MedCare Plus | J8: INS465890 | K8: alex.johnson@mail.com
A9: P008 | B9: David | C9: Davis | D9: F | E9: 27946 | F9: 7090558393 | G9: 456 Oak Ave | H9: 44341 | I9: WellnessCorp | J9: INS545101 | K9: david.davis@mail.com
A10: P009 | B10: Laura | C10: Davis | D10: M | E10: 26278 | F10: 7060324619 | G10: 321 Maple Dr | H10: 44822 | I10: PulseSecure | J10: INS136631 | K10: laura.davis@mail.com
A11: P010 | B11: Michael | C11: Taylor | D11: M | E11: 37177 | F11: 7081396733 | G11: 123 Elm St | H11: 44797 | I11: WellnessCorp | J11: INS866577 | K11: michael.taylor@mail.com
A12: P011 | B12: Emily | C12: Jones | D12: F | E12: 24445 | F12: 8990604070 | G12: 789 Pine Rd | H12: 44831 | I12: MedCare Plus | J12: INS172991 | K12: emily.jones@mail.com
A13: P012 | B13: Laura | C13: Davis | D13: F | E13: 33580 | F13: 8135666049 | G13: 321 Maple Dr | H13: 45043 | I13: MedCare Plus | J13: INS104014 | K13: laura.davis@mail.com
... A51: P050 | B51: Laura | C51: Wilson | D51: M | E51: 34330 | F51: 8301134730 | G51: 321 Maple Dr | H51: 45044 | I51: WellnessCorp | J51: INS712210 | K51: laura.wilson@mail.com

Sheet appointments
A1: appointment_id | B1: patient_id | C1: doctor_id | D1: appointment_date | E1: appointment_time | F1: reason_for_visit | G1: status
A2: A001 | B2: P034 | C2: D009 | D2: 45147 | E2: 0.63541667 | F2: Therapy | G2: Scheduled
A3: A002 | B3: P032 | C3: D004 | D3: 45086 | E3: 0.60416667 | F3: Therapy | G3: No-show
A4: A003 | B4: P048 | C4: D004 | D4: 45105 | E4: 0.33333333 | F4: Consultation | G4: Cancelled
A5: A004 | B5: P025 | C5: D006 | D5: 45170 | E5: 0.38541667 | F5: Consultation | G5: Cancelled
A6: A005 | B6: P040 | C6: D003 | D6: 45113 | E6: 0.53125 | F6: Emergency | G6: No-show
A7: A006 | B7: P045 | C7: D006 | D7: 45096 | E7: 0.67708333 | F7: Checkup | G7: Scheduled
A8: A007 | B8: P001 | C8: D007 | D8: 45025 | E8: 0.4375 | F8: Consultation | G8: Scheduled
A9: A008 | B9: P016 | C9: D010 | D9: 45070 | E9: 0.36458333 | F9: Consultation | G9: Cancelled
A10: A009 | B10: P039 | C10: D010 | D10: 44990 | E10: 0.57291667 | F10: Follow-up | G10: Scheduled
A11: A010 | B11: P005 | C11: D003 | D11: 44939 | E11: 0.64583333 | F11: Therapy | G11: Completed
A12: A011 | B12: P022 | C12: D007 | D12: 45242 | E12: 0.66666667 | F12: Checkup | G12: No-show
A13: A012 | B13: P029 | C13: D003 | D13: 45053 | E13: 0.41666667 | F13: Follow-up | G13: Completed
... A201: A200 | B201: P007 | C201: D005 | D201: 45290 | E201: 0.42708333 | F201: Consultation | G201: Cancelled

Sheet TOTAL APPOINTMENT
A3: Row Labels | B3: Count of appointment_id
A4: Cancelled | B4: 51
A5: Completed | B5: 46
A6: No-show | B6: 52
A7: Scheduled | B7: 51
A8: Grand Total | B8: 200

Sheet NO-SHOW %
A3: Row Labels | B3: Count of appointment_id
A4: Cancelled | B4: 51
A5: Completed | B5: 46
A6: No-show | B6: 52
A7: Scheduled | B7: 51
A8: Grand Total | B8: 200

Sheet COMPLETION RATE
A3: Row Labels | B3: Count of appointment_id
A4: Cancelled | B4: 51
A5: Completed | B5: 46
A6: No-show | B6: 52
A7: Scheduled | B7: 51
A8: Grand Total | B8: 200

Sheet TOTAL BILLING BY PAYMENT STATUS
A3: Row Labels | B3: Sum of amount
A4: Failed | B4: 193212.94
A5: Paid | B5: 173424.9
A6: Pending | B6: 184612.01
A7: Grand Total | B7: 551249.85

Sheet BILLING PAYMENT STATUS
A3: Row Labels | B3: Sum of amount
A4: Failed | B4: 193212.94
A5: Paid | B5: 173424.9
A6: Pending | B6: 184612.01
A7: Grand Total | B7: 551249.85

Sheet PERCENTAGES OF TOTAL BILING
A3: Row Labels | B3: Sum of amount
A4: Failed | B4: 0.35049976
A5: Paid | B5: 0.31460308
A6: Pending | B6: 0.33489716
A7: Grand Total | B7: 1

Sheet AVERAGE COST BY TREATMENT
A3: Row Labels | B3: Average of cost
A4: Chemotherapy | B4: 2629.7078
A5: ECG | B5: 2532.2168
A6: MRI | B6: 3224.9489
A7: Physiotherapy | B7: 2761.6139
A8: X-Ray | B8: 2698.87
A9: Grand Total | B9: 2756.2492

Sheet TOTAL TREATMENT COST BY TREATME
A3: Row Labels | B3: Sum of cost
A4: Chemotherapy | B4: 128855.68
A5: MRI | B5: 116098.16
A6: X-Ray | B6: 110653.67
A7: Physiotherapy | B7: 99418.1
A8: ECG | B8: 96224.24
A9: Grand Total | B9: 551249.85

Sheet DASHBOARD
F2: HOSPITAL MANAGEMENT DASHBOARD

Sheet TOTAL BILLING AMOUNT
A3: Row Labels | B3: Sum of amount
A4: Failed | B4: 193212.94
A5: Paid | B5: 173424.9
A6: Pending | B6: 184612.01
A7: Grand Total | B7: 551249.85

Sheet HOSPITAL MANAGEMENT DATA
A1: appointment_id | B1: patient_id | C1: NAME | D1: GENDER | E1: DATE OF BIRTH | F1: CONTACT NUMBER | G1: ADDRESS | H1: REGISTRATION DATE | I1: PATIENT EMAIL | J1: doctor_id | K1: DOCTOR NAME | L1: SPECIALIZATION | M1: PHONE NUMBER | N1: HOSPITAL BRANCH | O1: appointment_date | P1: appointment_time | Q1: reason_for_visit | R1: status | S1: treatment_id | T1: treatment_type | U1: cost | V1: treatment_date | W1: bill_id | X1: bill_date | Y1: amount | Z1: payment_method | AA1: payment_status
A2: A001 | B2: P034 | C2: =VLOOKUP(B2,patients!$A:$K,2,FALSE)&" "&VLOOKUP('HOSPITAL MANAGEMENT DATA'!B2,patients!$A:$K,3,FALSE) -> Alex Smith | D2: =VLOOKUP(B2,patients!$A:$K,4,FALSE) -> F | E2: =VLOOKUP(B2,patients!$A:$K,5,FALSE) -> 18289 | F2: =VLOOKUP(B2,patients!$A:$K,6,FALSE) -> 8374657733 | G2: =VLOOKUP(B2,patients!$A:$K,7,FALSE) -> 321 Maple Dr | H2: =VLOOKUP(B2,patients!$A:$K,8,FALSE) -> 45095 | I2: =VLOOKUP(B2,patients!$A:$K,11,FALSE) -> alex.smith@mail.com | J2: D009 | K2: =VLOOKUP(J2,doctors!$A:$H,2,FALSE)&" "&VLOOKUP(J2,doctors!$A:$H,3,FALSE) -> Sarah Smith | L2: =VLOOKUP(J2,doctors!$A:$H,4,FALSE) -> Pediatrics | M2: =VLOOKUP(J2,doctors!$A:$H,5,FALSE) -> 7387087517 | N2: =VLOOKUP(J2,doctors!$A:$H,7,FALSE) -> Central Hospital | O2: 45147 | P2: 0.63541667 | Q2: Therapy | R2: Scheduled | S2: T001 | T2: Chemotherapy | U2: 3941.97 | V2: 45147 | W2: B001 | X2: 45147 | Y2: 3941.97 | Z2: Insurance | AA2: Pending
A3: A002 | B3: P032 | C3: =VLOOKUP(B3,patients!$A:$K,2,FALSE)&" "&VLOOKUP('HOSPITAL MANAGEMENT DATA'!B3,patients!$A:$K,3,FALSE) -> Alex Moore | D3: =VLOOKUP(B3,patients!$A:$K,4,FALSE) -> M | E3: =VLOOKUP(B3,patients!$A:$K,5,FALSE) -> 29594 | F3: =VLOOKUP(B3,patients!$A:$K,6,FALSE) -> 8102183595 | G3: =VLOOKUP(B3,patients!$A:$K,7,FALSE) -> 123 Elm St | H3: =VLOOKUP(B3,patients!$A:$K,8,FALSE) -> 44471 | I3: =VLOOKUP(B3,patients!$A:$K,11,FALSE) -> alex.moore@mail.com | J3: D004 | K3: =VLOOKUP(J3,doctors!$A:$H,2,FALSE)&" "&VLOOKUP(J3,doctors!$A:$H,3,FALSE) -> David Jones | L3: =VLOOKUP(J3,doctors!$A:$H,4,FALSE) -> Pediatrics | M3: =VLOOKUP(J3,doctors!$A:$H,5,FALSE) -> 6594221991 | N3: =VLOOKUP(J3,doctors!$A:$H,7,FALSE) -> Central Hospital | O3: 45086 | P3: 0.60416667 | Q3: Therapy | R3: No-show | S3: T002 | T3: MRI | U3: 4158.44 | V3: 45086 | W3: B002 | X3: 45086 | Y3: 4158.44 | Z3: Insurance | AA3: Paid
A4: A003 | B4: P048 | C4: =VLOOKUP(B4,patients!$A:$K,2,FALSE)&" "&VLOOKUP('HOSPITAL MANAGEMENT DATA'!B4,patients!$A:$K,3,FALSE) -> Emily Miller | D4: =VLOOKUP(B4,patients!$A:$K,4,FALSE) -> M | E4: =VLOOKUP(B4,patients!$A:$K,5,FALSE) -> 30399 | F4: =VLOOKUP(B4,patients!$A:$K,6,FALSE) -> 8720989381 | G4: =VLOOKUP(B4,patients!$A:$K,7,FALSE) -> 123 Elm St | H4: =VLOOKUP(B4,patients!$A:$K,8,FALSE) -> 45096 | I4: =VLOOKUP(B4,patients!$A:$K,11,FALSE) -> emily.miller@mail.com | J4: D004 | K4: =VLOOKUP(J4,doctors!$A:$H,2,FALSE)&" "&VLOOKUP(J4,doctors!$A:$H,3,FALSE) -> David Jones | L4: =VLOOKUP(J4,doctors!$A:$H,4,FALSE) -> Pediatrics | M4: =VLOOKUP(J4,doctors!$A:$H,5,FALSE) -> 6594221991 | N4: =VLOOKUP(J4,doctors!$A:$H,7,FALSE) -> Central Hospital | O4: 45105 | P4: 0.33333333 | Q4: Consultation | R4: Cancelled | S4: T003 | T4: MRI | U4: 3731.55 | V4: 45105 | W4: B003 | X4: 45105 | Y4: 3731.55 | Z4: Insurance | AA4: Paid
A5: A004 | B5: P025 | C5: =VLOOKUP(B5,patients!$A:$K,2,FALSE)&" "&VLOOKUP('HOSPITAL MANAGEMENT DATA'!B5,patients!$A:$K,3,FALSE) -> Robert Wilson | D5: =VLOOKUP(B5,patients!$A:$K,4,FALSE) -> M | E5: =VLOOKUP(B5,patients!$A:$K,5,FALSE) -> 24333 | F5: =VLOOKUP(B5,patients!$A:$K,6,FALSE) -> 7482069727 | G5: =VLOOKUP(B5,patients!$A:$K,7,FALSE) -> 123 Elm St | H5: =VLOOKUP(B5,patients!$A:$K,8,FALSE) -> 44448 | I5: =VLOOKUP(B5,patients!$A:$K,11,FALSE) -> robert.wilson@mail.com | J5: D006 | K5: =VLOOKUP(J5,doctors!$A:$H,2,FALSE)&" "&VLOOKUP(J5,doctors!$A:$H,3,FALSE) -> Alex Davis | L5: =VLOOKUP(J5,doctors!$A:$H,4,FALSE) -> Pediatrics | M5: =VLOOKUP(J5,doctors!$A:$H,5,FALSE) -> 6570137231 | N5: =VLOOKUP(J5,doctors!$A:$H,7,FALSE) -> Central Hospital | O5: 45170 | P5: 0.38541667 | Q5: Consultation | R5: Cancelled | S5: T004 | T5: MRI | U5: 4799.86 | V5: 45170 | W5: B004 | X5: 45170 | Y5: 4799.86 | Z5: Insurance | AA5: Failed
A6: A005 | B6: P040 | C6: =VLOOKUP(B6,patients!$A:$K,2,FALSE)&" "&VLOOKUP('HOSPITAL MANAGEMENT DATA'!B6,patients!$A:$K,3,FALSE) -> Emily Williams | D6: =VLOOKUP(B6,patients!$A:$K,4,FALSE) -> M | E6: =VLOOKUP(B6,patients!$A:$K,5,FALSE) -> 26449 | F6: =VLOOKUP(B6,patients!$A:$K,6,FALSE) -> 7587653815 | G6: =VLOOKUP(B6,patients!$A:$K,7,FALSE) -> 456 Oak Ave | H6: =VLOOKUP(B6,patients!$A:$K,8,FALSE) -> 44485 | I6: =VLOOKUP(B6,patients!$A:$K,11,FALSE) -> emily.williams@mail.com | J6: D003 | K6: =VLOOKUP(J6,doctors!$A:$H,2,FALSE)&" "&VLOOKUP(J6,doctors!$A:$H,3,FALSE) -> Jane Smith | L6: =VLOOKUP(J6,doctors!$A:$H,4,FALSE) -> Pediatrics | M6: =VLOOKUP(J6,doctors!$A:$H,5,FALSE) -> 8737740598 | N6: =VLOOKUP(J6,doctors!$A:$H,7,FALSE) -> Eastside Clinic | O6: 45113 | P6: 0.53125 | Q6: Emergency | R6: No-show | S6: T005 | T6: ECG | U6: 582.05 | V6: 45113 | W6: B005 | X6: 45113 | Y6: 582.05 | Z6: Credit Card | AA6: Pending
A7: A006 | B7: P045 | C7: =VLOOKUP(B7,patients!$A:$K,2,FALSE)&" "&VLOOKUP('HOSPITAL MANAGEMENT DATA'!B7,patients!$A:$K,3,FALSE) -> Linda Miller | D7: =VLOOKUP(B7,patients!$A:$K,4,FALSE) -> F | E7: =VLOOKUP(B7,patients!$A:$K,5,FALSE) -> 24222 | F7: =VLOOKUP(B7,patients!$A:$K,6,FALSE) -> 7579616535 | G7: =VLOOKUP(B7,patients!$A:$K,7,FALSE) -> 321 Maple Dr | H7: =VLOOKUP(B7,patients!$A:$K,8,FALSE) -> 44219 | I7: =VLOOKUP(B7,patients!$A:$K,11,FALSE) -> linda.miller@mail.com | J7: D006 | K7: =VLOOKUP(J7,doctors!$A:$H,2,FALSE)&" "&VLOOKUP(J7,doctors!$A:$H,3,FALSE) -> Alex Davis | L7: =VLOOKUP(J7,doctors!$A:$H,4,FALSE) -> Pediatrics | M7: =VLOOKUP(J7,doctors!$A:$H,5,FALSE) -> 6570137231 | N7: =VLOOKUP(J7,doctors!$A:$H,7,FALSE) -> Central Hospital | O7: 45096 | P7: 0.67708333 | Q7: Checkup | R7: Scheduled | S7: T006 | T7: Chemotherapy | U7: 1381 | V7: 45096 | W7: B006 | X7: 45096 | Y7: 1381 | Z7: Insurance | AA7: Pending
A8: A007 | B8: P001 | C8: =VLOOKUP(B8,patients!$A:$K,2,FALSE)&" "&VLOOKUP('HOSPITAL MANAGEMENT DATA'!B8,patients!$A:$K,3,FALSE) -> David Williams | D8: =VLOOKUP(B8,patients!$A:$K,4,FALSE) -> F | E8: =VLOOKUP(B8,patients!$A:$K,5,FALSE) -> 20244 | F8: =VLOOKUP(B8,patients!$A:$K,6,FALSE) -> 6939585183 | G8: =VLOOKUP(B8,patients!$A:$K,7,FALSE) -> 789 Pine Rd | H8: =VLOOKUP(B8,patients!$A:$K,8,FALSE) -> 44735 | I8: =VLOOKUP(B8,patients!$A:$K,11,FALSE) -> david.williams@mail.com | J8: D007 | K8: =VLOOKUP(J8,doctors!$A:$H,2,FALSE)&" "&VLOOKUP(J8,doctors!$A:$H,3,FALSE) -> Robert Davis | L8: =VLOOKUP(J8,doctors!$A:$H,4,FALSE) -> Oncology | M8: =VLOOKUP(J8,doctors!$A:$H,5,FALSE) -> 8217493115 | N8: =VLOOKUP(J8,doctors!$A:$H,7,FALSE) -> Westside Clinic | O8: 45025 | P8: 0.4375 | Q8: Consultation | R8: Scheduled | S8: T007 | T8: Chemotherapy | U8: 534.03 | V8: 45025 | W8: B007 | X8: 45025 | Y8: 534.03 | Z8: Cash | AA8: Failed
A9: A008 | B9: P016 | C9: =VLOOKUP(B9,patients!$A:$K,2,FALSE)&" "&VLOOKUP('HOSPITAL MANAGEMENT DATA'!B9,patients!$A:$K,3,FALSE) -> Michael Taylor | D9: =VLOOKUP(B9,patients!$A:$K,4,FALSE) -> M | E9: =VLOOKUP(B9,patients!$A:$K,5,FALSE) -> 36729 | F9: =VLOOKUP(B9,patients!$A:$K,6,FALSE) -> 7223380592 | G9: =VLOOKUP(B9,patients!$A:$K,7,FALSE) -> 789 Pine Rd | H9: =VLOOKUP(B9,patients!$A:$K,8,FALSE) -> 44400 | I9: =VLOOKUP(B9,patients!$A:$K,11,FALSE) -> michael.taylor@mail.com | J9: D010 | K9: =VLOOKUP(J9,doctors!$A:$H,2,FALSE)&" "&VLOOKUP(J9,doctors!$A:$H,3,FALSE) -> Linda Wilson | L9: =VLOOKUP(J9,doctors!$A:$H,4,FALSE) -> Oncology | M9: =VLOOKUP(J9,doctors!$A:$H,5,FALSE) -> 6176383634 | N9: =VLOOKUP(J9,doctors!$A:$H,7,FALSE) -> Eastside Clinic | O9: 45070 | P9: 0.36458333 | Q9: Consultation | R9: Cancelled | S9: T008 | T9: Physiotherapy | U9: 3413.64 | V9: 45070 | W9: B008 | X9: 45070 | Y9: 3413.64 | Z9: Cash | AA9: Failed
A10: A009 | B10: P039 | C10: =VLOOKUP(B10,patients!$A:$K,2,FALSE)&" "&VLOOKUP('HOSPITAL MANAGEMENT DATA'!B10,patients!$A:$K,3,FALSE) -> Jane Wilson | D10: =VLOOKUP(B10,patients!$A:$K,4,FALSE) -> F | E10: =VLOOKUP(B10,patients!$A:$K,5,FALSE) -> 18609 | F10: =VLOOKUP(B10,patients!$A:$K,6,FALSE) -> 9271131338 | G10: =VLOOKUP(B10,patients!$A:$K,7,FALSE) -> 789 Pine Rd | H10: =VLOOKUP(B10,patients!$A:$K,8,FALSE) -> 44264 | I10: =VLOOKUP(B10,patients!$A:$K,11,FALSE) -> jane.wilson@mail.com | J10: D010 | K10: =VLOOKUP(J10,doctors!$A:$H,2,FALSE)&" "&VLOOKUP(J10,doctors!$A:$H,3,FALSE) -> Linda Wilson | L10: =VLOOKUP(J10,doctors!$A:$H,4,FALSE) -> Oncology | M10: =VLOOKUP(J10,doctors!$A:$H,5,FALSE) -> 6176383634 | N10: =VLOOKUP(J10,doctors!$A:$H,7,FALSE) -> Eastside Clinic | O10: 44990 | P10: 0.57291667 | Q10: Follow-up | R10: Scheduled | S10: T009 | T10: Physiotherapy | U10: 4541.14 | V10: 44990 | W10: B009 | X10: 44990 | Y10: 4541.14 | Z10: Credit Card | AA10: Paid
A11: A010 | B11: P005 | C11: =VLOOKUP(B11,patients!$A:$K,2,FALSE)&" "&VLOOKUP('HOSPITAL MANAGEMENT DATA'!B11,patients!$A:$K,3,FALSE) -> David Wilson | D11: =VLOOKUP(B11,patients!$A:$K,4,FALSE) -> M | E11: =VLOOKUP(B11,patients!$A:$K,5,FALSE) -> 22090 | F11: =VLOOKUP(B11,patients!$A:$K,6,FALSE) -> 7734463155 | G11: =VLOOKUP(B11,patients!$A:$K,7,FALSE) -> 123 Elm St | H11: =VLOOKUP(B11,patients!$A:$K,8,FALSE) -> 44468 | I11: =VLOOKUP(B11,patients!$A:$K,11,FALSE) -> david.wilson@mail.com | J11: D003 | K11: =VLOOKUP(J11,doctors!$A:$H,2,FALSE)&" "&VLOOKUP(J11,doctors!$A:$H,3,FALSE) -> Jane Smith | L11: =VLOOKUP(J11,doctors!$A:$H,4,FALSE) -> Pediatrics | M11: =VLOOKUP(J11,doctors!$A:$H,5,FALSE) -> 8737740598 | N11: =VLOOKUP(J11,doctors!$A:$H,7,FALSE) -> Eastside Clinic | O11: 44939 | P11: 0.64583333 | Q11: Therapy | R11: Completed | S11: T010 | T11: Physiotherapy | U11: 1595.67 | V11: 44939 | W11: B010 | X11: 44939 | Y11: 1595.67 | Z11: Cash | AA11: Paid
A12: A011 | B12: P022 | C12: =VLOOKUP(B12,patients!$A:$K,2,FALSE)&" "&VLOOKUP('HOSPITAL MANAGEMENT DATA'!B12,patients!$A:$K,3,FALSE) -> John Brown | D12: =VLOOKUP(B12,patients!$A:$K,4,FALSE) -> M | E12: =VLOOKUP(B12,patients!$A:$K,5,FALSE) -> 20219 | F12: =VLOOKUP(B12,patients!$A:$K,6,FALSE) -> 6221099573 | G12: =VLOOKUP(B12,patients!$A:$K,7,FALSE) -> 321 Maple Dr | H12: =VLOOKUP(B12,patients!$A:$K,8,FALSE) -> 44327 | I12: =VLOOKUP(B12,patients!$A:$K,11,FALSE) -> john.brown@mail.com | J12: D007 | K12: =VLOOKUP(J12,doctors!$A:$H,2,FALSE)&" "&VLOOKUP(J12,doctors!$A:$H,3,FALSE) -> Robert Davis | L12: =VLOOKUP(J12,doctors!$A:$H,4,FALSE) -> Oncology | M12: =VLOOKUP(J12,doctors!$A:$H,5,FALSE) -> 8217493115 | N12: =VLOOKUP(J12,doctors!$A:$H,7,FALSE) -> Westside Clinic | O12: 45242 | P12: 0.66666667 | Q12: Checkup | R12: No-show | S12: T011 | T12: MRI | U12: 4671.66 | V12: 45242 | W12: B011 | X12: 45242 | Y12: 4671.66 | Z12: Cash | AA12: Failed
A13: A012 | B13: P029 | C13: =VLOOKUP(B13,patients!$A:$K,2,FALSE)&" "&VLOOKUP('HOSPITAL MANAGEMENT DATA'!B13,patients!$A:$K,3,FALSE) -> David Smith | D13: =VLOOKUP(B13,patients!$A:$K,4,FALSE) -> M | E13: =VLOOKUP(B13,patients!$A:$K,5,FALSE) -> 38487 | F13: =VLOOKUP(B13,patients!$A:$K,6,FALSE) -> 8923607677 | G13: =VLOOKUP(B13,patients!$A:$K,7,FALSE) -> 789 Pine Rd | H13: =VLOOKUP(B13,patients!$A:$K,8,FALSE) -> 45035 | I13: =VLOOKUP(B13,patients!$A:$K,11,FALSE) -> david.smith@mail.com | J13: D003 | K13: =VLOOKUP(J13,doctors!$A:$H,2,FALSE)&" "&VLOOKUP(J13,doctors!$A:$H,3,FALSE) -> Jane Smith | L13: =VLOOKUP(J13,doctors!$A:$H,4,FALSE) -> Pediatrics | M13: =VLOOKUP(J13,doctors!$A:$H,5,FALSE) -> 8737740598 | N13: =VLOOKUP(J13,doctors!$A:$H,7,FALSE) -> Eastside Clinic | O13: 45053 | P13: 0.41666667 | Q13: Follow-up | R13: Completed | S13: T012 | T13: Chemotherapy | U13: 771.2 | V13: 45053 | W13: B012 | X13: 45053 | Y13: 771.2 | Z13: Insurance | AA13: Pending
... A19: A018 | B19: P022 | C19: =VLOOKUP(B19,patients!$A:$K,2,FALSE)&" "&VLOOKUP('HOSPITAL MANAGEMENT DATA'!B19,patients!$A:$K,3,FALSE) -> John Brown | D19: =VLOOKUP(B19,patients!$A:$K,4,FALSE) -> M | E19: =VLOOKUP(B19,patients!$A:$K,5,FALSE) -> 20219 | F19: =VLOOKUP(B19,patients!$A:$K,6,FALSE) -> 6221099573 | G19: =VLOOKUP(B19,patients!$A:$K,7,FALSE) -> 321 Maple Dr | H19: =VLOOKUP(B19,patients!$A:$K,8,FALSE) -> 44327 | I19: =VLOOKUP(B19,patients!$A:$K,11,FALSE) -> john.brown@mail.com | J19: D007 | K19: =VLOOKUP(J19,doctors!$A:$H,2,FALSE)&" "&VLOOKUP(J19,doctors!$A:$H,3,FALSE) -> Robert Davis | L19: =VLOOKUP(J19,doctors!$A:$H,4,FALSE) -> Oncology | M19: =VLOOKUP(J19,doctors!$A:$H,5,FALSE) -> 8217493115 | N19: =VLOOKUP(J19,doctors!$A:$H,7,FALSE) -> Westside Clinic | O19: 45244 | P19: 0.40625 | Q19: Consultation | R19: Cancelled | S19: T018 | T19: ECG | U19: 1781.93 | V19: 45244 | W19: B018 | X19: 45244 | Y19: 1781.93 | Z19: Insurance | AA19: Pending
A20: A019 | B20: P029 | C20: =K4 -> David Jones | D20: =VLOOKUP(B20,patients!$A:$K,4,FALSE) -> M | E20: =VLOOKUP(B20,patients!$A:$K,5,FALSE) -> 38487 | F20: =VLOOKUP(B20,patients!$A:$K,6,FALSE) -> 8923607677 | G20: =VLOOKUP(B20,patients!$A:$K,7,FALSE) -> 789 Pine Rd | H20: =VLOOKUP(B20,patients!$A:$K,8,FALSE) -> 45035 | I20: =VLOOKUP(B20,patients!$A:$K,11,FALSE) -> david.smith@mail.com | J20: D001 | K20: =VLOOKUP(J20,doctors!$A:$H,2,FALSE)&" "&VLOOKUP(J20,doctors!$A:$H,3,FALSE) -> David Taylor | L20: =VLOOKUP(J20,doctors!$A:$H,4,FALSE) -> Dermatology | M20: =VLOOKUP(J20,doctors!$A:$H,5,FALSE) -> 8322010158 | N20: =VLOOKUP(J20,doctors!$A:$H,7,FALSE) -> Westside Clinic | O20: 44963 | P20: 0.64583333 | Q20: Checkup | R20: Cancelled | S20: T019 | T20: X-Ray | U20: 1882.8 | V20: 44963 | W20: B019 | X20: 44963 | Y20: 1882.8 | Z20: Insurance | AA20: Pending
A21: A020 | B21: P014 | C21: =VLOOKUP(B21,patients!$A:$K,2,FALSE)&" "&VLOOKUP('HOSPITAL MANAGEMENT DATA'!B21,patients!$A:$K,3,FALSE) -> Alex Taylor | D21: =VLOOKUP(B21,patients!$A:$K,4,FALSE) -> M | E21: =VLOOKUP(B21,patients!$A:$K,5,FALSE) -> 24895 | F21: =VLOOKUP(B21,patients!$A:$K,6,FALSE) -> 7292262512 | G21: =VLOOKUP(B21,patients!$A:$K,7,FALSE) -> 789 Pine Rd | H21: =VLOOKUP(B21,patients!$A:$K,8,FALSE) -> 45272 | I21: =VLOOKUP(B21,patients!$A:$K,11,FALSE) -> alex.taylor@mail.com | J21: D003 | K21: =VLOOKUP(J21,doctors!$A:$H,2,FALSE)&" "&VLOOKUP(J21,doctors!$A:$H,3,FALSE) -> Jane Smith | L21: =VLOOKUP(J21,doctors!$A:$H,4,FALSE) -> Pediatrics | M21: =VLOOKUP(J21,doctors!$A:$H,5,FALSE) -> 8737740598 | N21: =VLOOKUP(J21,doctors!$A:$H,7,FALSE) -> Eastside Clinic | O21: 45265 | P21: 0.63541667 | Q21: Consultation | R21: Completed | S21: T020 | T21: Chemotherapy | U21: 4113.62 | V21: 45265 | W21: B020 | X21: 45265 | Y21: 4113.62 | Z21: Credit Card | AA21: Failed
A22: A021 | B22: P028 | C22: =VLOOKUP(B22,patients!$A:$K,2,FALSE)&" "&VLOOKUP('HOSPITAL MANAGEMENT DATA'!B22,patients!$A:$K,3,FALSE) -> Alex Moore | D22: =VLOOKUP(B22,patients!$A:$K,4,FALSE) -> M | E22: =VLOOKUP(B22,patients!$A:$K,5,FALSE) -> 34072 | F22: =VLOOKUP(B22,patients!$A:$K,6,FALSE) -> 7028910482 | G22: =VLOOKUP(B22,patients!$A:$K,7,FALSE) -> 321 Maple Dr | H22: =VLOOKUP(B22,patients!$A:$K,8,FALSE) -> 45066 | I22: =VLOOKUP(B22,patients!$A:$K,11,FALSE) -> alex.moore@mail.com | J22: D009 | K22: =VLOOKUP(J22,doctors!$A:$H,2,FALSE)&" "&VLOOKUP(J22,doctors!$A:$H,3,FALSE) -> Sarah Smith | L22: =VLOOKUP(J22,doctors!$A:$H,4,FALSE) -> Pediatrics | M22: =VLOOKUP(J22,doctors!$A:$H,5,FALSE) -> 7387087517 | N22: =VLOOKUP(J22,doctors!$A:$H,7,FALSE) -> Central Hospital | O22: 45040 | P22: 0.41666667 | Q22: Therapy | R22: No-show | S22: T021 | T22: X-Ray | U22: 2926.23 | V22: 45040 | W22: B021 | X22: 45040 | Y22: 2926.23 | Z22: Insurance | AA22: Failed
A23: A022 | B23: P005 | C23: =VLOOKUP(B23,patients!$A:$K,2,FALSE)&" "&VLOOKUP('HOSPITAL MANAGEMENT DATA'!B23,patients!$A:$K,3,FALSE) -> David Wilson | D23: =VLOOKUP(B23,patients!$A:$K,4,FALSE) -> M | E23: =VLOOKUP(B23,patients!$A:$K,5,FALSE) -> 22090 | F23: =VLOOKUP(B23,patients!$A:$K,6,FALSE) -> 7734463155 | G23: =VLOOKUP(B23,patients!$A:$K,7,FALSE) -> 123 Elm St | H23: =VLOOKUP(B23,patients!$A:$K,8,FALSE) -> 44468 | I23: =VLOOKUP(B23,patients!$A:$K,11,FALSE) -> david.wilson@mail.com | J23: D001 | K23: =VLOOKUP(J23,doctors!$A:$H,2,FALSE)&" "&VLOOKUP(J23,doctors!$A:$H,3,FALSE) -> David Taylor | L23: =VLOOKUP(J23,doctors!$A:$H,4,FALSE) -> Dermatology | M23: =VLOOKUP(J23,doctors!$A:$H,5,FALSE) -> 8322010158 | N23: =VLOOKUP(J23,doctors!$A:$H,7,FALSE) -> Westside Clinic | O23: 45244 | P23: 0.54166667 | Q23: Consultation | R23: No-show | S23: T022 | T23: Physiotherapy | U23: 1900.88 | V23: 45244 | W23: B022 | X23: 45244 | Y23: 1900.88 | Z23: Credit Card | AA23: Failed
A24: A023 | B24: P047 | C24: =VLOOKUP(B24,patients!$A:$K,2,FALSE)&" "&VLOOKUP('HOSPITAL MANAGEMENT DATA'!B24,patients!$A:$K,3,FALSE) -> Jane Moore | D24: =VLOOKUP(B24,patients!$A:$K,4,FALSE) -> M | E24: =VLOOKUP(B24,patients!$A:$K,5,FALSE) -> 35046 | F24: =VLOOKUP(B24,patients!$A:$K,6,FALSE) -> 8715732851 | G24: =VLOOKUP(B24,patients!$A:$K,7,FALSE) -> 321 Maple Dr | H24: =VLOOKUP(B24,patients!$A:$K,8,FALSE) -> 44701 | I24: =VLOOKUP(B24,patients!$A:$K,11,FALSE) -> jane.moore@mail.com | J24: D009 | K24: =VLOOKUP(J24,doctors!$A:$H,2,FALSE)&" "&VLOOKUP(J24,doctors!$A:$H,3,FALSE) -> Sarah Smith | L24: =VLOOKUP(J24,doctors!$A:$H,4,FALSE) -> Pediatrics | M24: =VLOOKUP(J24,doctors!$A:$H,5,FALSE) -> 7387087517 | N24: =VLOOKUP(J24,doctors!$A:$H,7,FALSE) -> Central Hospital | O24: 45055 | P24: 0.60416667 | Q24: Follow-up | R24: Cancelled | S24: T023 | T24: MRI | U24: 3246.5 | V24: 45055 | W24: B023 | X24: 45055 | Y24: 3246.5 | Z24: Credit Card | AA24: Pending
A25: A024 | B25: P049 | C25: =VLOOKUP(B25,patients!$A:$K,2,FALSE)&" "&VLOOKUP('HOSPITAL MANAGEMENT DATA'!B25,patients!$A:$K,3,FALSE) -> David Moore | D25: =VLOOKUP(B25,patients!$A:$K,4,FALSE) -> M | E25: =VLOOKUP(B25,patients!$A:$K,5,FALSE) -> 26629 | F25: =VLOOKUP(B25,patients!$A:$K,6,FALSE) -> 7712937941 | G25: =VLOOKUP(B25,patients!$A:$K,7,FALSE) -> 321 Maple Dr | H25: =VLOOKUP(B25,patients!$A:$K,8,FALSE) -> 45091 | I25: =VLOOKUP(B25,patients!$A:$K,11,FALSE) -> david.moore@mail.com | J25: D008 | K25: =VLOOKUP(J25,doctors!$A:$H,2,FALSE)&" "&VLOOKUP(J25,doctors!$A:$H,3,FALSE) -> Linda Brown | L25: =VLOOKUP(J25,doctors!$A:$H,4,FALSE) -> Dermatology | M25: =VLOOKUP(J25,doctors!$A:$H,5,FALSE) -> 9069162601 | N25: =VLOOKUP(J25,doctors!$A:$H,7,FALSE) -> Westside Clinic | O25: 45098 | P25: 0.33333333 | Q25: Checkup | R25: Completed | S25: T024 | T25: ECG | U25: 3722.68 | V25: 45098 | W25: B024 | X25: 45098 | Y25: 3722.68 | Z25: Cash | AA25: Pending
A26: A025 | B26: P030 | C26: =VLOOKUP(B26,patients!$A:$K,2,FALSE)&" "&VLOOKUP('HOSPITAL MANAGEMENT DATA'!B26,patients!$A:$K,3,FALSE) -> Emily Moore | D26: =VLOOKUP(B26,patients!$A:$K,4,FALSE) -> M | E26: =VLOOKUP(B26,patients!$A:$K,5,FALSE) -> 23734 | F26: =VLOOKUP(B26,patients!$A:$K,6,FALSE) -> 6622318721 | G26: =VLOOKUP(B26,patients!$A:$K,7,FALSE) -> 456 Oak Ave | H26: =VLOOKUP(B26,patients!$A:$K,8,FALSE) -> 44415 | I26: =VLOOKUP(B26,patients!$A:$K,11,FALSE) -> emily.moore@mail.com | J26: D001 | K26: =VLOOKUP(J26,doctors!$A:$H,2,FALSE)&" "&VLOOKUP(J26,doctors!$A:$H,3,FALSE) -> David Taylor | L26: =VLOOKUP(J26,doctors!$A:$H,4,FALSE) -> Dermatology | M26: =VLOOKUP(J26,doctors!$A:$H,5,FALSE) -> 8322010158 | N26: =VLOOKUP(J26,doctors!$A:$H,7,FALSE) -> Westside Clinic | O26: 44982 | P26: 0.33333333 | Q26: Follow-up | R26: No-show | S26: T025 | T26: ECG | U26: 1726.81 | V26: 44982 | W26: B025 | X26: 44982 | Y26: 1726.81 | Z26: Cash | AA26: Failed
A27: A026 | B27: P046 | C27: =VLOOKUP(B27,patients!$A:$K,2,FALSE)&" "&VLOOKUP('HOSPITAL MANAGEMENT DATA'!B27,patients!$A:$K,3,FALSE) -> Michael Taylor | D27: =VLOOKUP(B27,patients!$A:$K,4,FALSE) -> F | E27: =VLOOKUP(B27,patients!$A:$K,5,FALSE) -> 31656 | F27: =VLOOKUP(B27,patients!$A:$K,6,FALSE) -> 8019925828 | G27: =VLOOKUP(B27,patients!$A:$K,7,FALSE) -> 456 Oak Ave | H27: =VLOOKUP(B27,patients!$A:$K,8,FALSE) -> 44408 | I27: =VLOOKUP(B27,patients!$A:$K,11,FALSE) -> michael.taylor@mail.com | J27: D006 | K27: =VLOOKUP(J27,doctors!$A:$H,2,FALSE)&" "&VLOOKUP(J27,doctors!$A:$H,3,FALSE) -> Alex Davis | L27: =VLOOKUP(J27,doctors!$A:$H,4,FALSE) -> Pediatrics | M27: =VLOOKUP(J27,doctors!$A:$H,5,FALSE) -> 6570137231 | N27: =VLOOKUP(J27,doctors!$A:$H,7,FALSE) -> Central Hospital | O27: 45002 | P27: 0.59375 | Q27: Follow-up | R27: Cancelled | S27: T026 | T27: Chemotherapy | U27: 2360.97 | V27: 45002 | W27: B026 | X27: 45002 | Y27: 2360.97 | Z27: Insurance | AA27: Paid
A28: A027 | B28: P005 | C28: =VLOOKUP(B28,patients!$A:$K,2,FALSE)&" "&VLOOKUP('HOSPITAL MANAGEMENT DATA'!B28,patients!$A:$K,3,FALSE) -> David Wilson | D28: =VLOOKUP(B28,patients!$A:$K,4,FALSE) -> M | E28: =VLOOKUP(B28,patients!$A:$K,5,FALSE) -> 22090 | F28: =VLOOKUP(B28,patients!$A:$K,6,FALSE) -> 7734463155 | G28: =VLOOKUP(B28,patients!$A:$K,7,FALSE) -> 123 Elm St | H28: =VLOOKUP(B28,patients!$A:$K,8,FALSE) -> 44468 | I28: =VLOOKUP(B28,patients!$A:$K,11,FALSE) -> david.wilson@mail.com | J28: D005 | K28: =VLOOKUP(J28,doctors!$A:$H,2,FALSE)&" "&VLOOKUP(J28,doctors!$A:$H,3,FALSE) -> Sarah Taylor | L28: =VLOOKUP(J28,doctors!$A:$H,4,FALSE) -> Dermatology | M28: =VLOOKUP(J28,doctors!$A:$H,5,FALSE) -> 9118538547 | N28: =VLOOKUP(J28,doctors!$A:$H,7,FALSE) -> Central Hospital | O28: 45244 | P28: 0.53125 | Q28: Therapy | R28: Scheduled | S28: T027 | T28: X-Ray | U28: 1048.49 | V28: 45244 | W28: B027 | X28: 45244 | Y28: 1048.49 | Z28: Insurance | AA28: Pending
A29: A028 | B29: P012 | C29: =VLOOKUP(B29,patients!$A:$K,2,FALSE)&" "&VLOOKUP('HOSPITAL MANAGEMENT DATA'!B29,patients!$A:$K,3,FALSE) -> Laura Davis | D29: =VLOOKUP(B29,patients!$A:$K,4,FALSE) -> F | E29: =VLOOKUP(B29,patients!$A:$K,5,FALSE) -> 33580 | F29: =VLOOKUP(B29,patients!$A:$K,6,FALSE) -> 8135666049 | G29: =VLOOKUP(B29,patients!$A:$K,7,FALSE) -> 321 Maple Dr | H29: =VLOOKUP(B29,patients!$A:$K,8,FALSE) -> 45043 | I29: =VLOOKUP(B29,patients!$A:$K,11,FALSE) -> laura.davis@mail.com | J29: D006 | K29: =VLOOKUP(J29,doctors!$A:$H,2,FALSE)&" "&VLOOKUP(J29,doctors!$A:$H,3,FALSE) -> Alex Davis | L29: =VLOOKUP(J29,doctors!$A:$H,4,FALSE) -> Pediatrics | M29: =VLOOKUP(J29,doctors!$A:$H,5,FALSE) -> 6570137231 | N29: =VLOOKUP(J29,doctors!$A:$H,7,FALSE) -> Central Hospital | O29: 45228 | P29: 0.64583333 | Q29: Checkup | R29: No-show | S29: T028 | T29: Chemotherapy | U29: 1315.17 | V29: 45228 | W29: B028 | X29: 45228 | Y29: 1315.17 | Z29: Credit Card | AA29: Paid
A30: A029 | B30: P016 | C30: =VLOOKUP(B30,patients!$A:$K,2,FALSE)&" "&VLOOKUP('HOSPITAL MANAGEMENT DATA'!B30,patients!$A:$K,3,FALSE) -> Michael Taylor | D30: =VLOOKUP(B30,patients!$A:$K,4,FALSE) -> M | E30: =VLOOKUP(B30,patients!$A:$K,5,FALSE) -> 36729 | F30: =VLOOKUP(B30,patients!$A:$K,6,FALSE) -> 7223380592 | G30: =VLOOKUP(B30,patients!$A:$K,7,FALSE) -> 789 Pine Rd | H30: =VLOOKUP(B30,patients!$A:$K,8,FALSE) -> 44400 | I30: =VLOOKUP(B30,patients!$A:$K,11,FALSE) -> michael.taylor@mail.com | J30: D010 | K30: =VLOOKUP(J30,doctors!$A:$H,2,FALSE)&" "&VLOOKUP(J30,doctors!$A:$H,3,FALSE) -> Linda Wilson | L30: =VLOOKUP(J30,doctors!$A:$H,4,FALSE) -> Oncology | M30: =VLOOKUP(J30,doctors!$A:$H,5,FALSE) -> 6176383634 | N30: =VLOOKUP(J30,doctors!$A:$H,7,FALSE) -> Eastside Clinic | O30: 45102 | P30: 0.60416667 | Q30: Checkup | R30: Completed | S30: T029 | T30: MRI | U30: 3565.03 | V30: 45102 | W30: B029 | X30: 45102 | Y30: 3565.03 | Z30: Insurance | AA30: Paid
A31: A030 | B31: P026 | C31: =VLOOKUP(B31,patients!$A:$K,2,FALSE)&" "&VLOOKUP('HOSPITAL MANAGEMENT DATA'!B31,patients!$A:$K,3,FALSE) -> John Taylor | D31: =VLOOKUP(B31,patients!$A:$K,4,FALSE) -> M | E31: =VLOOKUP(B31,patients!$A:$K,5,FALSE) -> 37953 | F31: =VLOOKUP(B31,patients!$A:$K,6,FALSE) -> 9900972256 | G31: =VLOOKUP(B31,patients!$A:$K,7,FALSE) -> 123 Elm St | H31: =VLOOKUP(B31,patients!$A:$K,8,FALSE) -> 44329 | I31: =VLOOKUP(B31,patients!$A:$K,11,FALSE) -> john.taylor@mail.com | J31: D005 | K31: =VLOOKUP(J31,doctors!$A:$H,2,FALSE)&" "&VLOOKUP(J31,doctors!$A:$H,3,FALSE) -> Sarah Taylor | L31: =VLOOKUP(J31,doctors!$A:$H,4,FALSE) -> Dermatology | M31: =VLOOKUP(J31,doctors!$A:$H,5,FALSE) -> 9118538547 | N31: =VLOOKUP(J31,doctors!$A:$H,7,FALSE) -> Central Hospital | O31: 45167 | P31: 0.55208333 | Q31: Checkup | R31: Completed | S31: T030 | T31: Chemotherapy | U31: 1316.47 | V31: 45167 | W31: B030 | X31: 45167 | Y31: 1316.47 | Z31: Credit Card | AA31: Pending
A32: A031 | B32: P026 | C32: =VLOOKUP(B32,patients!$A:$K,2,FALSE)&" "&VLOOKUP('HOSPITAL MANAGEMENT DATA'!B32,patients!$A:$K,3,FALSE) -> John Taylor | D32: =VLOOKUP(B32,patients!$A:$K,4,FALSE) -> M | E32: =VLOOKUP(B32,patients!$A:$K,5,FALSE) -> 37953 | F32: =VLOOKUP(B32,patients!$A:$K,6,FALSE) -> 9900972256 | G32: =VLOOKUP(B32,patients!$A:$K,7,FALSE) -> 123 Elm St | H32: =VLOOKUP(B32,patients!$A:$K,8,FALSE) -> 44329 | I32: =VLOOKUP(B32,patients!$A:$K,11,FALSE) -> john.taylor@mail.com | J32: D006 | K32: =VLOOKUP(J32,doctors!$A:$H,2,FALSE)&" "&VLOOKUP(J32,doctors!$A:$H,3,FALSE) -> Alex Davis | L32: =VLOOKUP(J32,doctors!$A:$H,4,FALSE) -> Pediatrics | M32: =VLOOKUP(J32,doctors!$A:$H,5,FALSE) -> 6570137231 | N32: =VLOOKUP(J32,doctors!$A:$H,7,FALSE) -> Central Hospital | O32: 45020 | P32: 0.4375 | Q32: Checkup | R32: Completed | S32: T031 | T32: ECG | U32: 2863.24 | V32: 45020 | W32: B031 | X32: 45020 | Y32: 2863.24 | Z32: Credit Card | AA32: Pending
... A201: A200 | B201: P007 | C201: =VLOOKUP(B201,patients!$A:$K,2,FALSE)&" "&VLOOKUP('HOSPITAL MANAGEMENT DATA'!B201,patients!$A:$K,3,FALSE) -> Alex Johnson | D201: =VLOOKUP(B201,patients!$A:$K,4,FALSE) -> F | E201: =VLOOKUP(B201,patients!$A:$K,5,FALSE) -> 32667 | F201: =VLOOKUP(B201,patients!$A:$K,6,FALSE) -> 6278710077 | G201: =VLOOKUP(B201,patients!$A:$K,7,FALSE) -> 789 Pine Rd | H201: =VLOOKUP(B201,patients!$A:$K,8,FALSE) -> 44555 | I201: =VLOOKUP(B201,patients!$A:$K,11,FALSE) -> alex.johnson@mail.com | J201: D005 | K201: =VLOOKUP(J201,doctors!$A:$H,2,FALSE)&" "&VLOOKUP(J201,doctors!$A:$H,3,FALSE) -> Sarah Taylor | L201: =VLOOKUP(J201,doctors!$A:$H,4,FALSE) -> Dermatology | M201: =VLOOKUP(J201,doctors!$A:$H,5,FALSE) -> 9118538547 | N201: =VLOOKUP(J201,doctors!$A:$H,7,FALSE) -> Central Hospital | O201: 45290 | P201: 0.42708333 | Q201: Consultation | R201: Cancelled | S201: T200 | T201: X-Ray | U201: 3288.15 | V201: 45290 | W201: B200 | X201: 45290 | Y201: 3288.15 | Z201: Insurance | AA201: Paid

Sheet CHANGE LOG
D4: SI.NO | E4: CHANGE MADE | F4: DESCRIPTION
D5: 1 | E5: combined data | F5: patients,appointments,doctors,treatment and billing data were
F6: combined into one master dataset
D8: 2 | E8: Added patient full name | F8: combined first name and last nameto create patient full name
D10: 3 | E10: Added patient details | F10: gender,date of birth,contact no,addres,registration,data and
F11: email were added using patient id.
D13: 4 | E13: used vlookup | F13: used vlookup to retrieve patient information based on patient id.
D15: 5 | E15: Added appointment details | F15: appointment-related to information was linked using
F16: appointment id.
D17: 6 | E17: Added doctor details | F17: doctor information was linked using doctor id
D19: 7 | E19: Added treatment details | F19: treatment informations was linked using treatment id.
D21: 8 | E21: Added billing details | F21: billing and payment informations was linked with the relevent
F22: records
D24: 9 | E24: checked missing /error values | F24: cheaked lookup results and corrected #value!/unmatched
F25: records where required.
D27: 10 | E27: created master dataset | F27: prepared a consolidated hospital management dataset for
F28: further analysis and excel reporting

Sheet ANALYSIS
C5: 1 | D5: how many appointments were recorded
C6: 2 | D6: what percentages of appiontments were no-shows
C7: 3 | D7: what is the appointment completion rate
C8: 4 | D8: what is the total billing amount
C9: 5 | D9: how much of the billing amount has been paid
C10: 6 | D10: what percentage of the total billing amount has been paid
C11: 7 | D11: what is the average treatment cost
C12: 8 | D12: which treatment generate the hightest total treatment cost
C13: 9 | D13: what is the distribution of appointment by status ?
C14: 10 | D14: how does appointment status differ by specialization?
C15: 11 | D15: which doctor handle the hightest number of appointments
C16: 12 | D16: how do appointment statusses vary across hospital branches?
... C18: 14 | D18: how does total billing change over time ?

Sheet CALCULATIONS
E6: 1 | F6: how many appointments were recorded | G6: 200
E7: 2 | F7: what percentages of appiontments were no-shows | G7: 0.26
E8: 3 | F8: what is the appointment completion rate | G8: 0.23
E9: 4 | F9: what is the total billing amount | G9: 551249.85
E10: 5 | F10: how much of the billing amount has been paid | G10: 173424.9
E11: 6 | F11: what percentage of the total billing amount has been paid | G11: 0.3146
E12: 7 | F12: what is the average treatment cost | G12: 2756.25
E13: 8 | F13: which treatment generate the hightest total treatment cost | G13: CHEMOTHERAPHY-128855.68

Sheet INSIGHTS&RECOMMENDATIONS
E3: INSIGHTS | F3: RECOMMENDATIONS
E4: Only 23% of appointments are completed. | F4: Reduce the no-show rate with appointment reminders.
E5: 26% of appointments are no-shows. | F5: Improve follow-up to increase completed appointments.
E6: Central Hospital has the most appointments (84). | F6: Investigate pending and failed payments.
E7: Pediatrics has the most appointments (98). | F7: Improve card and insurance payment processing.
E8: Dr. Sarah Taylor handles the most appointments (29). | F8: Allocate more resources to Pediatrics.
E9: Chemotherapy generates the highest total billing. | F9: Review high treatment costs at Westside Clinic.
E10: Westside Clinic has the highest average treatment cost. | F10: Monitor Emergency treatment costs.
E11: Cash is the most used payment method. | F11: Focus on high-demand doctors and departments.
E12: Many card and insurance payments are pending or failed. | F12: Track appointment performance regularly.
E13: Checkup is the most common reason for visits. | F13: Improve patient scheduling and appointment management.
E14: Emergency visits have the highest average treatment cost.
E15: 48 unique patients account for 200 appointments.
